file	first snapshot
src/App.tsx	winner_plan
src/components/FidelityEngine.tsx	winner_plan
src/components/Inception.tsx	winner_plan_extended
src/components/MeshLab.tsx	winner_plan_extended
src/components/p10/SetMixMaster.tsx	winner_plan_extended8
src/components/p12/PresetVault.tsx	winner_plan_extended910
src/components/p4/AudioDeck.tsx	winner_plan_extended2
src/components/p4/GLViewport.tsx	winner_plan_extended2
src/components/p4/TestRunner.tsx	winner_plan_extended2
src/components/p5/GalaxyLab.tsx	winner_plan_extended3
src/components/p5/GoblinLab.tsx	winner_plan_extended3
src/components/p5/GridLab.tsx	winner_plan_extended3
src/components/p5/PortalDemo.tsx	winner_plan_extended3
src/components/p6/DebtLab.tsx	winner_plan_extended9
src/components/p6/NetLab.tsx	winner_plan_extended4
src/components/p6/SetmixHUD.tsx	winner_plan_extended4
src/components/p6/SetMixPlayable.tsx	winner_plan_extended4
src/components/p7/EcoLab.tsx	winner_plan_extended5
src/components/p7/LogiLab.tsx	winner_plan_extended5
src/components/p7/SmxLab.tsx	winner_plan_extended5
src/components/p7/VoxelLab.tsx	winner_plan_extended5
src/components/p8/DialogueLab.tsx	winner_plan_extended6
src/components/p8/GpuLab.tsx	winner_plan_extended6
src/components/p8/RaceLab.tsx	winner_plan_extended6
src/components/p8/SaveLab.tsx	winner_plan_extended6
src/components/p9/Living.tsx	winner_plan_extended7
src/components/p9/World.tsx	winner_plan_extended7
src/components/TexCanvas.tsx	winner_plan
src/components/ui.tsx	winner_plan
src/components/WaveSim.tsx	winner_plan_extended
src/components/widgets.tsx	winner_plan
src/data/gdd.ts	winner_plan
src/drop/AvatarFidelityManager.ts	winner_plan_extended3
src/drop/BakeWorkerPool.ts	winner_plan_extended9
src/drop/build_setmix_master.py	winner_plan_extended9
src/drop/CartridgeCompiler.ts	winner_plan_extended5
src/drop/content/avatars.ts	winner_plan_extended910
src/drop/content/events.ts	winner_plan_extended910
src/drop/content/presets.ts	winner_plan_extended910
src/drop/content/recipes.ts	winner_plan_extended910
src/drop/contracts.setmix.ts	winner_plan_extended2
src/drop/desktop.ts	winner_plan_extended6
src/drop/DialogueEngine.ts	winner_plan_extended6
src/drop/Ecosystem.ts	winner_plan_extended5
src/drop/enclaves.ts	winner_plan_extended7
src/drop/exportToUnreal.ts	winner_plan_extended2
src/drop/fauna.ts	winner_plan_extended7
src/drop/federation.ts	winner_plan_extended7
src/drop/fidelity.spec.ts	winner_plan_extended2
src/drop/fidelity.test.ts	winner_plan_extended2
src/drop/fidelity.ts	winner_plan_extended2
src/drop/flora.ts	winner_plan_extended7
src/drop/galaxy.ts	winner_plan_extended3
src/drop/GoblinController.ts	winner_plan_extended3
src/drop/GoblinRover.ts	winner_plan_extended6
src/drop/GoblinTrader.ts	winner_plan_extended6
src/drop/GpuComputePipeline.ts	winner_plan_extended6
src/drop/import_setmix_to_ue5.py	winner_plan_extended2
src/drop/LogisticsSwarm.ts	winner_plan_extended5
src/drop/M_SetMix_Nanite_Master.usf	winner_plan_extended9
src/drop/machines.ts	winner_plan_extended3
src/drop/MasterRuntime.ts	winner_plan_extended8
src/drop/MERGE_MANIFEST.md	winner_plan_extended8
src/drop/NetBus.ts	winner_plan_extended4
src/drop/png.ts	winner_plan_extended9
src/drop/PortalRenderer.ts	winner_plan_extended3
src/drop/QuestEngine.ts	winner_plan_extended4
src/drop/RaceEngine.ts	winner_plan_extended6
src/drop/SaveEngine.ts	winner_plan_extended6
src/drop/setmixAudio.ts	winner_plan_extended2
src/drop/SetmixLiveLink.py	winner_plan_extended8
src/drop/SetmixWGSL.ts	winner_plan_extended6
src/drop/TerrainMaterial.ts	winner_plan_extended2
src/drop/texgraph-patch.ts	winner_plan_extended9
src/drop/ue5-bridge.ts	winner_plan_extended8
src/drop/verify-all.ts	winner_plan_extended8
src/drop/VolumetricVoxelField.ts	winner_plan_extended5
src/drop/VoxelWorker.ts	winner_plan_extended5
src/drop/WaterShader.ts	winner_plan_extended5
src/engine/setmix/core.ts	winner_plan
src/engine/setmix/field.ts	winner_plan_extended
src/engine/setmix/library.ts	winner_plan
src/engine/setmix/mesh.ts	winner_plan_extended
src/engine/setmix/outliner.ts	winner_plan_extended
src/engine/texgraph.ts	winner_plan
src/index.css	winner_plan
src/main.tsx	winner_plan
src/sections/Hero.tsx	winner_plan
src/sections/p10/Phase10.tsx	winner_plan_extended8
src/sections/p12/Vault.tsx	winner_plan_extended910
src/sections/p2/Bridge.tsx	winner_plan
src/sections/p2/Intro.tsx	winner_plan
src/sections/p2/Ship.tsx	winner_plan
src/sections/p2/Studio.tsx	winner_plan
src/sections/p3/Field.tsx	winner_plan_extended
src/sections/p3/Intro.tsx	winner_plan_extended
src/sections/p3/Mesh.tsx	winner_plan_extended
src/sections/p3/Outline.tsx	winner_plan_extended
src/sections/p4/Phase4.tsx	winner_plan_extended2
src/sections/p5/Phase5.tsx	winner_plan_extended3
src/sections/p6/Epilogue.tsx	winner_plan_extended9
src/sections/p6/Phase6.tsx	winner_plan_extended4
src/sections/p7/Phase7.tsx	winner_plan_extended5
src/sections/p8/Phase8.tsx	winner_plan_extended6
src/sections/p9/Phase9.tsx	winner_plan_extended7
src/sections/Sec1.tsx	winner_plan
src/sections/Sec2.tsx	winner_plan
src/sections/Sec3.tsx	winner_plan
src/sections/Sec4.tsx	winner_plan
src/sections/Sec5.tsx	winner_plan
src/sections/Sec6.tsx	winner_plan
src/sections/Sec7.tsx	winner_plan
src/state/fi.tsx	winner_plan
src/types.d.ts	winner_plan
src/utils/cn.ts	winner_plan
