palm-tall	meshy-6	5000	a tall slender coconut palm tree with a gently curved ringed trunk and a lush full crown of green fronds with a few coconuts
palm-leaning	meshy-6	5000	a coconut palm tree leaning far to one side, long curved ringed trunk, full crown of green fronds
palm-cluster	meshy-6	6000	a cluster of three young palm trees of different heights growing from one sandy clump, green fronds
bush-tropical	meshy-6-lite	2500	a round tropical bush with large glossy green leaves and a few red hibiscus flowers
fern-clump	meshy-6-lite	2500	a dense clump of lush green tropical ferns
beach-grass	meshy-6-lite	2000	a tuft of tall dry golden beach grass, marram grass
dry-shrub	meshy-6-lite	2500	a scrubby windswept coastal shrub with twisted grey branches and small olive leaves
agave	meshy-6-lite	2000	a spiky blue-green agave succulent plant
driftwood	meshy-6-lite	2000	a large bleached grey driftwood log with broken branch stubs
rock-boulder	meshy-6-lite	1500	a large rounded weathered sandstone boulder, warm ochre and tan
rock-basalt-columns	meshy-6-lite	2000	a cluster of dark grey basalt hexagonal columns of different heights
rock-slab	meshy-6-lite	1500	a flat layered sandstone rock slab with eroded edges, warm ochre and tan
rock-pile	meshy-6-lite	2000	a small pile of mixed sandstone and dark basalt rocks
rock-spire	meshy-6-lite	2000	a tall eroded layered sandstone rock spire, warm ochre and tan
sea-rock-mossy	meshy-6-lite	1500	a dark volcanic sea rock with green moss on top and barnacles on its lower half
